Credit Card (Visa - Mastercard),Tarjeta de crédito
PayPal Credit,Crédito de PayPal
Shipping Table Rate,Métodos de envío
8 To 15 Working Days,8 a 15 días hábiles
2 To 4 Working Days,2 a 4 días hábiles
Shipping Methods,Métodos de envío
Payment,Pago
Order Review,Revisión del pedido
Shipping Address,dirección de envío
Credit Card,Tarjeta de crédito
New Address,Nueva direccion
This is a required field.,Este es un campo obligatorio.
Credit Card,Tarjeta de crédito
New Address,Nueva direccion
CLICK HERE TO CREATE A NEW ACCOUNT,PRESIONA AQUI PARA CREAR UNA CUENTA NUEVA
Place Order Now,Realice su orden ahora
PayPal Credit,Crédito de PayPal
What is PayPal?,¿Qué es PayPal?
See terms,Ver términos
