Please fill in the fields below and click Place order to complete your purchase!,"Por favor, rellene los campos que aparecen a continuación y haga clic en ""¡Haga su pedido para completar su compra!"""
Click Here To Login Or Create A New Account ,Haga clic aquí para iniciar sesión o crear una cuenta nueva
place order now,realice su orden ahora
month,mes
Year,año
Table Rate,Tabla de tarifas
"Sorry, no quotes are available for this order at this time","Lo sentimos, no hay cotizaciones disponibles para este pedido en este momento"
Click Here To Login Or Create A New Account,"Lo sentimos, no hay cotizaciones disponibles para este pedido en este momento"
Credit Card (Visa - Mastercard),Tarjeta de crédito (Visa – Mastercard)
PayPal Credit,Crédito de PayPal
Shipping Table Rate,Tarifa de la tabla de envío
8 To 15 Working Days,8 a 15 días hábiles
2 To 4 Working Days,2 a 4 días hábiles
Shipping Methods,Métodos de envío
Payment,Pago
Order Review,Revisión del pedido
Shipping Address,dirección de envío
Credit Card,Tarjeta de crédito
New Address,Nueva direccion
This is a required field.,Este es un campo obligatorio.
Credit Card,Tarjeta de crédito
New Address,Nueva direccion
CLICK HERE TO CREATE A NEW ACCOUNT,PRESIONA AQUI PARA CREAR UNA CUENTA NUEVA
Place Order Now,Realice su orden ahora
PayPal Credit,Crédito de PayPal
What is PayPal?,¿Qué es PayPal?
See terms,Ver términos
